-- SQL DML CORREGIDO
-- 1. Sin campos de auditoría (se asume llenado por Triggers/Defaults).
-- 2. Corrección FK: ID_RENDICION movido de Solicitud a Ciclo de Caja.

-- =========================================================
-- 1. TABLAS MAESTRAS (CATÁLOGOS)
-- =========================================================
INSERT INTO CC_MONEDA (ID_MONEDA, CODIGO_ISO_MONEDA, SIMBOLO_MONEDA) VALUES (1, 'PEN', 'S/.');
INSERT INTO CC_MONEDA (ID_MONEDA, CODIGO_ISO_MONEDA, SIMBOLO_MONEDA) VALUES (2, 'USD', '$');

INSERT INTO CC_RUBRO (ID_RUBRO, NOMBRE_RUBRO, DESCRIPCION_RUBRO) VALUES (1, 'Movilidad Local', 'Gastos de taxis, transporte público y estacionamientos');
INSERT INTO CC_RUBRO (ID_RUBRO, NOMBRE_RUBRO, DESCRIPCION_RUBRO) VALUES (2, 'Alimentación', 'Refrigerios, almuerzos de trabajo y consumo en comisión');
INSERT INTO CC_RUBRO (ID_RUBRO, NOMBRE_RUBRO, DESCRIPCION_RUBRO) VALUES (3, 'Útiles de Oficina', 'Compra menor de papelería, copias y suministros');
INSERT INTO CC_RUBRO (ID_RUBRO, NOMBRE_RUBRO, DESCRIPCION_RUBRO) VALUES (4, 'Hospedaje', 'Alojamiento por viajes de comisión de servicio');
INSERT INTO CC_RUBRO (ID_RUBRO, NOMBRE_RUBRO, DESCRIPCION_RUBRO) VALUES (5, 'Otros Gastos', 'Gastos diversos no clasificados anteriormente');

INSERT INTO CC_AREA (ID_AREA, NOMBRE_AREA, DESCRIPCION_AREA) VALUES (10, 'Gerencia General', 'Dirección estratégica de la organización (CC-001)');
INSERT INTO CC_AREA (ID_AREA, NOMBRE_AREA, DESCRIPCION_AREA) VALUES (20, 'Finanzas', 'Gestión contable y tesorería (CC-100)');
INSERT INTO CC_AREA (ID_AREA, NOMBRE_AREA, DESCRIPCION_AREA) VALUES (30, 'Recursos Humanos', 'Gestión del talento y personal (CC-200)');
INSERT INTO CC_AREA (ID_AREA, NOMBRE_AREA, DESCRIPCION_AREA) VALUES (40, 'Tecnología (TI)', 'Infraestructura y desarrollo de sistemas (CC-300)');
INSERT INTO CC_AREA (ID_AREA, NOMBRE_AREA, DESCRIPCION_AREA) VALUES (50, 'Comercial', 'Ventas y Marketing (CC-400)');
INSERT INTO CC_AREA (ID_AREA, NOMBRE_AREA, DESCRIPCION_AREA) VALUES (60, 'Logística', 'Gestión de compras, abastecimiento y almacén (CC-500)');

INSERT INTO CC_ROL (ID_ROL, TITULO_ROL, DESCRIPCION_ROL) VALUES (1, 'Gerente General', 'Máxima autoridad ejecutiva');
INSERT INTO CC_ROL (ID_ROL, TITULO_ROL, DESCRIPCION_ROL) VALUES (2, 'Gerente de Área', 'Responsable de departamento');
INSERT INTO CC_ROL (ID_ROL, TITULO_ROL, DESCRIPCION_ROL) VALUES (3, 'Jefe de Proyecto', 'Líder de equipos operativos');
INSERT INTO CC_ROL (ID_ROL, TITULO_ROL, DESCRIPCION_ROL) VALUES (4, 'Analista Senior', 'Especialista con experiencia');
INSERT INTO CC_ROL (ID_ROL, TITULO_ROL, DESCRIPCION_ROL) VALUES (5, 'Analista Junior', 'Especialista en formación');
INSERT INTO CC_ROL (ID_ROL, TITULO_ROL, DESCRIPCION_ROL) VALUES (6, 'Asistente Administrativo', 'Soporte operativo');

-- =========================================================
-- 2. ACTORES Y CUENTAS
-- =========================================================
INSERT INTO CC_EMPLEADO (ID_EMPLEADO, NOMBRES_EMPLEADO, APELLIDO_PATERNO_EMPLEADO, APELLIDO_MATERNO_EMPLEADO, CORREO_INSTITUCIONAL_EMPLEADO, NUMERO_CELULAR_EMPLEADO, ID_AREA, ID_ROL, ID_JEFE_DIRECTO) VALUES (1001, 'Pedro', 'Páramo', 'Preciado', 'p.paramo@acervo.com', 999000111, 10, 1, NULL);
INSERT INTO CC_EMPLEADO (ID_EMPLEADO, NOMBRES_EMPLEADO, APELLIDO_PATERNO_EMPLEADO, APELLIDO_MATERNO_EMPLEADO, CORREO_INSTITUCIONAL_EMPLEADO, NUMERO_CELULAR_EMPLEADO, ID_AREA, ID_ROL, ID_JEFE_DIRECTO) VALUES (1002, 'Esteban', 'Trueba', 'Del Valle', 'e.trueba@acervo.com', 999000222, 20, 2, 1001);
INSERT INTO CC_EMPLEADO (ID_EMPLEADO, NOMBRES_EMPLEADO, APELLIDO_PATERNO_EMPLEADO, APELLIDO_MATERNO_EMPLEADO, CORREO_INSTITUCIONAL_EMPLEADO, NUMERO_CELULAR_EMPLEADO, ID_AREA, ID_ROL, ID_JEFE_DIRECTO) VALUES (1003, 'Úrsula', 'Iguarán', 'Buendía', 'u.iguaran@acervo.com', 999000333, 30, 2, 1001);
INSERT INTO CC_EMPLEADO (ID_EMPLEADO, NOMBRES_EMPLEADO, APELLIDO_PATERNO_EMPLEADO, APELLIDO_MATERNO_EMPLEADO, CORREO_INSTITUCIONAL_EMPLEADO, NUMERO_CELULAR_EMPLEADO, ID_AREA, ID_ROL, ID_JEFE_DIRECTO) VALUES (1004, 'Horacio', 'Oliveira', 'Rocamadour', 'h.oliveira@acervo.com', 999000444, 40, 2, 1001);
INSERT INTO CC_EMPLEADO (ID_EMPLEADO, NOMBRES_EMPLEADO, APELLIDO_PATERNO_EMPLEADO, APELLIDO_MATERNO_EMPLEADO, CORREO_INSTITUCIONAL_EMPLEADO, NUMERO_CELULAR_EMPLEADO, ID_AREA, ID_ROL, ID_JEFE_DIRECTO) VALUES (1005, 'Bárbara', 'Guaimarán', 'Santos', 'b.guaimaran@acervo.com', 999000555, 50, 2, 1001);
INSERT INTO CC_EMPLEADO (ID_EMPLEADO, NOMBRES_EMPLEADO, APELLIDO_PATERNO_EMPLEADO, APELLIDO_MATERNO_EMPLEADO, CORREO_INSTITUCIONAL_EMPLEADO, NUMERO_CELULAR_EMPLEADO, ID_AREA, ID_ROL, ID_JEFE_DIRECTO) VALUES (1006, 'Santiago', 'Nasar', 'Linares', 's.nasar@acervo.com', 991000001, 20, 4, 1002);
INSERT INTO CC_EMPLEADO (ID_EMPLEADO, NOMBRES_EMPLEADO, APELLIDO_PATERNO_EMPLEADO, APELLIDO_MATERNO_EMPLEADO, CORREO_INSTITUCIONAL_EMPLEADO, NUMERO_CELULAR_EMPLEADO, ID_AREA, ID_ROL, ID_JEFE_DIRECTO) VALUES (1007, 'Bayardo', 'San Román', 'Silva', 'b.sanroman@acervo.com', 991000002, 20, 4, 1002);
INSERT INTO CC_EMPLEADO (ID_EMPLEADO, NOMBRES_EMPLEADO, APELLIDO_PATERNO_EMPLEADO, APELLIDO_MATERNO_EMPLEADO, CORREO_INSTITUCIONAL_EMPLEADO, NUMERO_CELULAR_EMPLEADO, ID_AREA, ID_ROL, ID_JEFE_DIRECTO) VALUES (1008, 'Ángela', 'Vicario', 'Poncio', 'a.vicario@acervo.com', 991000003, 20, 5, 1002);
INSERT INTO CC_EMPLEADO (ID_EMPLEADO, NOMBRES_EMPLEADO, APELLIDO_PATERNO_EMPLEADO, APELLIDO_MATERNO_EMPLEADO, CORREO_INSTITUCIONAL_EMPLEADO, NUMERO_CELULAR_EMPLEADO, ID_AREA, ID_ROL, ID_JEFE_DIRECTO) VALUES (1009, 'Pedro', 'Vicario', 'Poncio', 'p.vicario@acervo.com', 991000004, 20, 6, 1002);
INSERT INTO CC_EMPLEADO (ID_EMPLEADO, NOMBRES_EMPLEADO, APELLIDO_PATERNO_EMPLEADO, APELLIDO_MATERNO_EMPLEADO, CORREO_INSTITUCIONAL_EMPLEADO, NUMERO_CELULAR_EMPLEADO, ID_AREA, ID_ROL, ID_JEFE_DIRECTO) VALUES (1010, 'Pablo', 'Vicario', 'Poncio', 'pa.vicario@acervo.com', 991000005, 20, 6, 1002);
INSERT INTO CC_EMPLEADO (ID_EMPLEADO, NOMBRES_EMPLEADO, APELLIDO_PATERNO_EMPLEADO, APELLIDO_MATERNO_EMPLEADO, CORREO_INSTITUCIONAL_EMPLEADO, NUMERO_CELULAR_EMPLEADO, ID_AREA, ID_ROL, ID_JEFE_DIRECTO) VALUES (1011, 'Plácida', 'Linero', 'Guzmán', 'p.linero@acervo.com', 991000006, 20, 5, 1002);
INSERT INTO CC_EMPLEADO (ID_EMPLEADO, NOMBRES_EMPLEADO, APELLIDO_PATERNO_EMPLEADO, APELLIDO_MATERNO_EMPLEADO, CORREO_INSTITUCIONAL_EMPLEADO, NUMERO_CELULAR_EMPLEADO, ID_AREA, ID_ROL, ID_JEFE_DIRECTO) VALUES (1012, 'Remedios', 'Moscote', 'Buendía', 'r.moscote@acervo.com', 992000001, 30, 4, 1003);
INSERT INTO CC_EMPLEADO (ID_EMPLEADO, NOMBRES_EMPLEADO, APELLIDO_PATERNO_EMPLEADO, APELLIDO_MATERNO_EMPLEADO, CORREO_INSTITUCIONAL_EMPLEADO, NUMERO_CELULAR_EMPLEADO, ID_AREA, ID_ROL, ID_JEFE_DIRECTO) VALUES (1013, 'Amaranta', 'Buendía', 'Iguarán', 'a.buendia@acervo.com', 992000002, 30, 4, 1003);
INSERT INTO CC_EMPLEADO (ID_EMPLEADO, NOMBRES_EMPLEADO, APELLIDO_PATERNO_EMPLEADO, APELLIDO_MATERNO_EMPLEADO, CORREO_INSTITUCIONAL_EMPLEADO, NUMERO_CELULAR_EMPLEADO, ID_AREA, ID_ROL, ID_JEFE_DIRECTO) VALUES (1014, 'Rebeca', 'Ulloa', 'Montiel', 'r.ulloa@acervo.com', 992000003, 30, 5, 1003);
INSERT INTO CC_EMPLEADO (ID_EMPLEADO, NOMBRES_EMPLEADO, APELLIDO_PATERNO_EMPLEADO, APELLIDO_MATERNO_EMPLEADO, CORREO_INSTITUCIONAL_EMPLEADO, NUMERO_CELULAR_EMPLEADO, ID_AREA, ID_ROL, ID_JEFE_DIRECTO) VALUES (1015, 'Pilar', 'Ternera', 'Arriaga', 'p.ternera@acervo.com', 992000004, 30, 5, 1003);
INSERT INTO CC_EMPLEADO (ID_EMPLEADO, NOMBRES_EMPLEADO, APELLIDO_PATERNO_EMPLEADO, APELLIDO_MATERNO_EMPLEADO, CORREO_INSTITUCIONAL_EMPLEADO, NUMERO_CELULAR_EMPLEADO, ID_AREA, ID_ROL, ID_JEFE_DIRECTO) VALUES (1016, 'José Arcadio', 'Buendía', 'Iguarán', 'j.buendia@acervo.com', 992000005, 30, 6, 1003);
INSERT INTO CC_EMPLEADO (ID_EMPLEADO, NOMBRES_EMPLEADO, APELLIDO_PATERNO_EMPLEADO, APELLIDO_MATERNO_EMPLEADO, CORREO_INSTITUCIONAL_EMPLEADO, NUMERO_CELULAR_EMPLEADO, ID_AREA, ID_ROL, ID_JEFE_DIRECTO) VALUES (1017, 'Aureliano', 'Segundo', 'Buendía', 'a.segundo@acervo.com', 992000006, 30, 4, 1003);
INSERT INTO CC_EMPLEADO (ID_EMPLEADO, NOMBRES_EMPLEADO, APELLIDO_PATERNO_EMPLEADO, APELLIDO_MATERNO_EMPLEADO, CORREO_INSTITUCIONAL_EMPLEADO, NUMERO_CELULAR_EMPLEADO, ID_AREA, ID_ROL, ID_JEFE_DIRECTO) VALUES (1018, 'Alonso', 'Quijano', 'Mancha', 'a.quijano@acervo.com', 993000001, 40, 4, 1004);
INSERT INTO CC_EMPLEADO (ID_EMPLEADO, NOMBRES_EMPLEADO, APELLIDO_PATERNO_EMPLEADO, APELLIDO_MATERNO_EMPLEADO, CORREO_INSTITUCIONAL_EMPLEADO, NUMERO_CELULAR_EMPLEADO, ID_AREA, ID_ROL, ID_JEFE_DIRECTO) VALUES (1019, 'Sancho', 'Panza', 'Gobernador', 's.panza@acervo.com', 993000002, 40, 5, 1004);
INSERT INTO CC_EMPLEADO (ID_EMPLEADO, NOMBRES_EMPLEADO, APELLIDO_PATERNO_EMPLEADO, APELLIDO_MATERNO_EMPLEADO, CORREO_INSTITUCIONAL_EMPLEADO, NUMERO_CELULAR_EMPLEADO, ID_AREA, ID_ROL, ID_JEFE_DIRECTO) VALUES (1020, 'Augusto', 'Pérez', 'Niebla', 'a.perez@acervo.com', 993000003, 40, 4, 1004);
INSERT INTO CC_EMPLEADO (ID_EMPLEADO, NOMBRES_EMPLEADO, APELLIDO_PATERNO_EMPLEADO, APELLIDO_MATERNO_EMPLEADO, CORREO_INSTITUCIONAL_EMPLEADO, NUMERO_CELULAR_EMPLEADO, ID_AREA, ID_ROL, ID_JEFE_DIRECTO) VALUES (1021, 'Florentino', 'Ariza', 'Tránsito', 'f.ariza@acervo.com', 994000001, 50, 5, 1005);
INSERT INTO CC_EMPLEADO (ID_EMPLEADO, NOMBRES_EMPLEADO, APELLIDO_PATERNO_EMPLEADO, APELLIDO_MATERNO_EMPLEADO, CORREO_INSTITUCIONAL_EMPLEADO, NUMERO_CELULAR_EMPLEADO, ID_AREA, ID_ROL, ID_JEFE_DIRECTO) VALUES (1022, 'Fermina', 'Daza', 'Urbino', 'f.daza@acervo.com', 994000002, 50, 6, 1005);
INSERT INTO CC_EMPLEADO (ID_EMPLEADO, NOMBRES_EMPLEADO, APELLIDO_PATERNO_EMPLEADO, APELLIDO_MATERNO_EMPLEADO, CORREO_INSTITUCIONAL_EMPLEADO, NUMERO_CELULAR_EMPLEADO, ID_AREA, ID_ROL, ID_JEFE_DIRECTO) VALUES (1023, 'Martín', 'Rivas', 'Molina', 'm.rivas@acervo.com', 994000003, 50, 5, 1005);
INSERT INTO CC_EMPLEADO (ID_EMPLEADO, NOMBRES_EMPLEADO, APELLIDO_PATERNO_EMPLEADO, APELLIDO_MATERNO_EMPLEADO, CORREO_INSTITUCIONAL_EMPLEADO, NUMERO_CELULAR_EMPLEADO, ID_AREA, ID_ROL, ID_JEFE_DIRECTO) VALUES (1024, 'Pantaleón', 'Pantoja', 'Vargas', 'p.pantoja@acervo.com', 996000001, 60, 2, 1001);
INSERT INTO CC_EMPLEADO (ID_EMPLEADO, NOMBRES_EMPLEADO, APELLIDO_PATERNO_EMPLEADO, APELLIDO_MATERNO_EMPLEADO, CORREO_INSTITUCIONAL_EMPLEADO, NUMERO_CELULAR_EMPLEADO, ID_AREA, ID_ROL, ID_JEFE_DIRECTO) VALUES (1025, 'Lituma', 'Carranza', 'Piedra', 'l.carranza@acervo.com', 996000002, 60, 4, 1024);
INSERT INTO CC_EMPLEADO (ID_EMPLEADO, NOMBRES_EMPLEADO, APELLIDO_PATERNO_EMPLEADO, APELLIDO_MATERNO_EMPLEADO, CORREO_INSTITUCIONAL_EMPLEADO, NUMERO_CELULAR_EMPLEADO, ID_AREA, ID_ROL, ID_JEFE_DIRECTO) VALUES (1026, 'Bonifacio', 'Santos', 'Vega', 'b.santos@acervo.com', 996000003, 60, 5, 1024);
INSERT INTO CC_EMPLEADO (ID_EMPLEADO, NOMBRES_EMPLEADO, APELLIDO_PATERNO_EMPLEADO, APELLIDO_MATERNO_EMPLEADO, CORREO_INSTITUCIONAL_EMPLEADO, NUMERO_CELULAR_EMPLEADO, ID_AREA, ID_ROL, ID_JEFE_DIRECTO) VALUES (1027, 'Dulcinea', 'Toboso', 'Lorenzo', 'd.toboso@acervo.com', 991000999, 10, 6, 1001);
INSERT INTO CC_EMPLEADO (ID_EMPLEADO, NOMBRES_EMPLEADO, APELLIDO_PATERNO_EMPLEADO, APELLIDO_MATERNO_EMPLEADO, CORREO_INSTITUCIONAL_EMPLEADO, NUMERO_CELULAR_EMPLEADO, ID_AREA, ID_ROL, ID_JEFE_DIRECTO) VALUES (1028, 'Gregorio', 'Samsa', 'Kafka', 'g.samsa@acervo.com', 991000888, 10, 4, 1001);

INSERT INTO CC_CUENTA_BANCARIA (ID_CUENTA_BANCARIA, BANCO_CUENTA_BANCARIA, NUMERO_CUENTA_BANCARIA, CCI_CUENTA_BANCARIA, ID_MONEDA, ES_CUENTA_BANCARIA_PRINCIPAL, ID_EMPLEADO) VALUES (500, 'Banco de Crédito (BCP)', '191-0000001-0-01', '002-191-000000001-50', 1, 1, NULL);
INSERT INTO CC_CUENTA_BANCARIA (ID_CUENTA_BANCARIA, BANCO_CUENTA_BANCARIA, NUMERO_CUENTA_BANCARIA, CCI_CUENTA_BANCARIA, ID_MONEDA, ES_CUENTA_BANCARIA_PRINCIPAL, ID_EMPLEADO) VALUES (501, 'BBVA Continental', '0011-0500-0200', '011-500-000200000-88', 2, 1, NULL);
INSERT INTO CC_CUENTA_BANCARIA (ID_CUENTA_BANCARIA, BANCO_CUENTA_BANCARIA, NUMERO_CUENTA_BANCARIA, CCI_CUENTA_BANCARIA, ID_MONEDA, ES_CUENTA_BANCARIA_PRINCIPAL, ID_EMPLEADO) VALUES (601, 'Interbank', '200-305896471', '003-200-003058964-10', 1, 1, 1001);
INSERT INTO CC_CUENTA_BANCARIA (ID_CUENTA_BANCARIA, BANCO_CUENTA_BANCARIA, NUMERO_CUENTA_BANCARIA, CCI_CUENTA_BANCARIA, ID_MONEDA, ES_CUENTA_BANCARIA_PRINCIPAL, ID_EMPLEADO) VALUES (602, 'Banco de Crédito (BCP)', '193-4589632-0-55', '002-193-004589632-11', 1, 1, 1002);
INSERT INTO CC_CUENTA_BANCARIA (ID_CUENTA_BANCARIA, BANCO_CUENTA_BANCARIA, NUMERO_CUENTA_BANCARIA, CCI_CUENTA_BANCARIA, ID_MONEDA, ES_CUENTA_BANCARIA_PRINCIPAL, ID_EMPLEADO) VALUES (603, 'BBVA Continental', '0011-1234-5678', '011-123-000000567-99', 1, 1, 1003);
INSERT INTO CC_CUENTA_BANCARIA (ID_CUENTA_BANCARIA, BANCO_CUENTA_BANCARIA, NUMERO_CUENTA_BANCARIA, CCI_CUENTA_BANCARIA, ID_MONEDA, ES_CUENTA_BANCARIA_PRINCIPAL, ID_EMPLEADO) VALUES (604, 'Scotiabank', '000-5896412-00', '009-000-005896412-33', 1, 1, 1004);
INSERT INTO CC_CUENTA_BANCARIA (ID_CUENTA_BANCARIA, BANCO_CUENTA_BANCARIA, NUMERO_CUENTA_BANCARIA, CCI_CUENTA_BANCARIA, ID_MONEDA, ES_CUENTA_BANCARIA_PRINCIPAL, ID_EMPLEADO) VALUES (605, 'Interbank', '898-999888777', '003-898-009998887-22', 1, 1, 1005);
INSERT INTO CC_CUENTA_BANCARIA (ID_CUENTA_BANCARIA, BANCO_CUENTA_BANCARIA, NUMERO_CUENTA_BANCARIA, CCI_CUENTA_BANCARIA, ID_MONEDA, ES_CUENTA_BANCARIA_PRINCIPAL, ID_EMPLEADO) VALUES (606, 'Banco de Crédito (BCP)', '191-1111222-0-01', '002-191-001111222-01', 1, 1, 1006);
INSERT INTO CC_CUENTA_BANCARIA (ID_CUENTA_BANCARIA, BANCO_CUENTA_BANCARIA, NUMERO_CUENTA_BANCARIA, CCI_CUENTA_BANCARIA, ID_MONEDA, ES_CUENTA_BANCARIA_PRINCIPAL, ID_EMPLEADO) VALUES (607, 'Interbank', '200-333444555', '003-200-003334445-55', 2, 1, 1007);
INSERT INTO CC_CUENTA_BANCARIA (ID_CUENTA_BANCARIA, BANCO_CUENTA_BANCARIA, NUMERO_CUENTA_BANCARIA, CCI_CUENTA_BANCARIA, ID_MONEDA, ES_CUENTA_BANCARIA_PRINCIPAL, ID_EMPLEADO) VALUES (608, 'BBVA Continental', '0011-0111-2222', '011-111-000002222-33', 1, 1, 1008);
INSERT INTO CC_CUENTA_BANCARIA (ID_CUENTA_BANCARIA, BANCO_CUENTA_BANCARIA, NUMERO_CUENTA_BANCARIA, CCI_CUENTA_BANCARIA, ID_MONEDA, ES_CUENTA_BANCARIA_PRINCIPAL, ID_EMPLEADO) VALUES (609, 'Scotiabank', '000-5556667-88', '009-000-005556667-88', 1, 1, 1009);
INSERT INTO CC_CUENTA_BANCARIA (ID_CUENTA_BANCARIA, BANCO_CUENTA_BANCARIA, NUMERO_CUENTA_BANCARIA, CCI_CUENTA_BANCARIA, ID_MONEDA, ES_CUENTA_BANCARIA_PRINCIPAL, ID_EMPLEADO) VALUES (610, 'Banco de Crédito (BCP)', '193-7778889-0-99', '002-193-007778889-99', 1, 1, 1010);
INSERT INTO CC_CUENTA_BANCARIA (ID_CUENTA_BANCARIA, BANCO_CUENTA_BANCARIA, NUMERO_CUENTA_BANCARIA, CCI_CUENTA_BANCARIA, ID_MONEDA, ES_CUENTA_BANCARIA_PRINCIPAL, ID_EMPLEADO) VALUES (611, 'Interbank', '200-999000111', '003-200-009990001-11', 1, 1, 1011);
INSERT INTO CC_CUENTA_BANCARIA (ID_CUENTA_BANCARIA, BANCO_CUENTA_BANCARIA, NUMERO_CUENTA_BANCARIA, CCI_CUENTA_BANCARIA, ID_MONEDA, ES_CUENTA_BANCARIA_PRINCIPAL, ID_EMPLEADO) VALUES (612, 'BBVA Continental', '0011-0333-4444', '011-333-000004444-55', 1, 1, 1012);
INSERT INTO CC_CUENTA_BANCARIA (ID_CUENTA_BANCARIA, BANCO_CUENTA_BANCARIA, NUMERO_CUENTA_BANCARIA, CCI_CUENTA_BANCARIA, ID_MONEDA, ES_CUENTA_BANCARIA_PRINCIPAL, ID_EMPLEADO) VALUES (613, 'Banco de Crédito (BCP)', '194-5554443-0-22', '002-194-005554443-22', 2, 1, 1013);
INSERT INTO CC_CUENTA_BANCARIA (ID_CUENTA_BANCARIA, BANCO_CUENTA_BANCARIA, NUMERO_CUENTA_BANCARIA, CCI_CUENTA_BANCARIA, ID_MONEDA, ES_CUENTA_BANCARIA_PRINCIPAL, ID_EMPLEADO) VALUES (614, 'Scotiabank', '000-2223334-55', '009-000-002223334-55', 1, 1, 1014);
INSERT INTO CC_CUENTA_BANCARIA (ID_CUENTA_BANCARIA, BANCO_CUENTA_BANCARIA, NUMERO_CUENTA_BANCARIA, CCI_CUENTA_BANCARIA, ID_MONEDA, ES_CUENTA_BANCARIA_PRINCIPAL, ID_EMPLEADO) VALUES (615, 'Interbank', '898-111222333', '003-898-001112223-33', 1, 1, 1015);
INSERT INTO CC_CUENTA_BANCARIA (ID_CUENTA_BANCARIA, BANCO_CUENTA_BANCARIA, NUMERO_CUENTA_BANCARIA, CCI_CUENTA_BANCARIA, ID_MONEDA, ES_CUENTA_BANCARIA_PRINCIPAL, ID_EMPLEADO) VALUES (616, 'Banco de Crédito (BCP)', '191-8889990-0-11', '002-191-008889990-11', 1, 1, 1016);
INSERT INTO CC_CUENTA_BANCARIA (ID_CUENTA_BANCARIA, BANCO_CUENTA_BANCARIA, NUMERO_CUENTA_BANCARIA, CCI_CUENTA_BANCARIA, ID_MONEDA, ES_CUENTA_BANCARIA_PRINCIPAL, ID_EMPLEADO) VALUES (617, 'BBVA Continental', '0011-0666-7777', '011-666-000007777-88', 1, 1, 1017);
INSERT INTO CC_CUENTA_BANCARIA (ID_CUENTA_BANCARIA, BANCO_CUENTA_BANCARIA, NUMERO_CUENTA_BANCARIA, CCI_CUENTA_BANCARIA, ID_MONEDA, ES_CUENTA_BANCARIA_PRINCIPAL, ID_EMPLEADO) VALUES (618, 'Interbank', '200-888999000', '003-200-008889990-11', 2, 1, 1018);
INSERT INTO CC_CUENTA_BANCARIA (ID_CUENTA_BANCARIA, BANCO_CUENTA_BANCARIA, NUMERO_CUENTA_BANCARIA, CCI_CUENTA_BANCARIA, ID_MONEDA, ES_CUENTA_BANCARIA_PRINCIPAL, ID_EMPLEADO) VALUES (619, 'Scotiabank', '000-1231231-23', '009-000-001231231-23', 1, 1, 1019);
INSERT INTO CC_CUENTA_BANCARIA (ID_CUENTA_BANCARIA, BANCO_CUENTA_BANCARIA, NUMERO_CUENTA_BANCARIA, CCI_CUENTA_BANCARIA, ID_MONEDA, ES_CUENTA_BANCARIA_PRINCIPAL, ID_EMPLEADO) VALUES (620, 'Banco de Crédito (BCP)', '193-4445556-0-77', '002-193-004445556-77', 1, 1, 1020);
INSERT INTO CC_CUENTA_BANCARIA (ID_CUENTA_BANCARIA, BANCO_CUENTA_BANCARIA, NUMERO_CUENTA_BANCARIA, CCI_CUENTA_BANCARIA, ID_MONEDA, ES_CUENTA_BANCARIA_PRINCIPAL, ID_EMPLEADO) VALUES (621, 'Banco de Crédito (BCP)', '194-5554443-0-99', '002-194-005554443-99', 1, 1, 1021);
INSERT INTO CC_CUENTA_BANCARIA (ID_CUENTA_BANCARIA, BANCO_CUENTA_BANCARIA, NUMERO_CUENTA_BANCARIA, CCI_CUENTA_BANCARIA, ID_MONEDA, ES_CUENTA_BANCARIA_PRINCIPAL, ID_EMPLEADO) VALUES (622, 'BBVA Continental', '0011-0900-1111', '011-900-000001111-22', 1, 1, 1022);
INSERT INTO CC_CUENTA_BANCARIA (ID_CUENTA_BANCARIA, BANCO_CUENTA_BANCARIA, NUMERO_CUENTA_BANCARIA, CCI_CUENTA_BANCARIA, ID_MONEDA, ES_CUENTA_BANCARIA_PRINCIPAL, ID_EMPLEADO) VALUES (623, 'Interbank', '898-333222111', '003-898-003332221-44', 2, 1, 1023);
INSERT INTO CC_CUENTA_BANCARIA (ID_CUENTA_BANCARIA, BANCO_CUENTA_BANCARIA, NUMERO_CUENTA_BANCARIA, CCI_CUENTA_BANCARIA, ID_MONEDA, ES_CUENTA_BANCARIA_PRINCIPAL, ID_EMPLEADO) VALUES (624, 'Banco de Crédito (BCP)', '193-5656565-0-88', '002-193-005656565-88', 1, 1, 1024);
INSERT INTO CC_CUENTA_BANCARIA (ID_CUENTA_BANCARIA, BANCO_CUENTA_BANCARIA, NUMERO_CUENTA_BANCARIA, CCI_CUENTA_BANCARIA, ID_MONEDA, ES_CUENTA_BANCARIA_PRINCIPAL, ID_EMPLEADO) VALUES (625, 'Interbank', '200-444555666', '003-200-004445556-77', 1, 1, 1025);
INSERT INTO CC_CUENTA_BANCARIA (ID_CUENTA_BANCARIA, BANCO_CUENTA_BANCARIA, NUMERO_CUENTA_BANCARIA, CCI_CUENTA_BANCARIA, ID_MONEDA, ES_CUENTA_BANCARIA_PRINCIPAL, ID_EMPLEADO) VALUES (626, 'Scotiabank', '000-9876543-21', '009-000-009876543-21', 1, 1, 1026);
INSERT INTO CC_CUENTA_BANCARIA (ID_CUENTA_BANCARIA, BANCO_CUENTA_BANCARIA, NUMERO_CUENTA_BANCARIA, CCI_CUENTA_BANCARIA, ID_MONEDA, ES_CUENTA_BANCARIA_PRINCIPAL, ID_EMPLEADO) VALUES (627, 'BBVA Continental', '0011-0555-9999', '011-555-000009999-11', 1, 1, 1027);
INSERT INTO CC_CUENTA_BANCARIA (ID_CUENTA_BANCARIA, BANCO_CUENTA_BANCARIA, NUMERO_CUENTA_BANCARIA, CCI_CUENTA_BANCARIA, ID_MONEDA, ES_CUENTA_BANCARIA_PRINCIPAL, ID_EMPLEADO) VALUES (628, 'Banco de Crédito (BCP)', '194-2233445-1-99', '002-194-002233445-99', 2, 1, 1028);

-- =========================================================
-- 3. ESTRUCTURA DE FONDOS (FONDO BASE)
-- =========================================================
INSERT INTO CC_FONDO (ID_FONDO, NOMBRE_FONDO, SALDO_ACTUAL_FONDO, ESTADO_FONDO, ID_MONEDA, ID_CUENTA_BANCARIA, ID_RESPONSABLE) VALUES (2001, 'Caja Chica Finanzas', 5000, 'ACTIVO', 1, 500, 1002);
INSERT INTO CC_FONDO (ID_FONDO, NOMBRE_FONDO, SALDO_ACTUAL_FONDO, ESTADO_FONDO, ID_MONEDA, ID_CUENTA_BANCARIA, ID_RESPONSABLE) VALUES (2002, 'Caja Chica Recursos Humanos', 3000, 'ACTIVO', 1, 500, 1003);
INSERT INTO CC_FONDO (ID_FONDO, NOMBRE_FONDO, SALDO_ACTUAL_FONDO, ESTADO_FONDO, ID_MONEDA, ID_CUENTA_BANCARIA, ID_RESPONSABLE) VALUES (2003, 'Caja Chica Tecnología', 3500, 'ACTIVO', 1, 501, 1004);
INSERT INTO CC_FONDO (ID_FONDO, NOMBRE_FONDO, SALDO_ACTUAL_FONDO, ESTADO_FONDO, ID_MONEDA, ID_CUENTA_BANCARIA, ID_RESPONSABLE) VALUES (2101, 'Entrega a Rendir Comercial Norte', 4000, 'ACTIVO', 1, 500, 1021);
INSERT INTO CC_FONDO (ID_FONDO, NOMBRE_FONDO, SALDO_ACTUAL_FONDO, ESTADO_FONDO, ID_MONEDA, ID_CUENTA_BANCARIA, ID_RESPONSABLE) VALUES (2102, 'Entrega a Rendir Comercial Sur', 4500, 'ACTIVO', 1, 500, 1021);
INSERT INTO CC_FONDO (ID_FONDO, NOMBRE_FONDO, SALDO_ACTUAL_FONDO, ESTADO_FONDO, ID_MONEDA, ID_CUENTA_BANCARIA, ID_RESPONSABLE) VALUES (2103, 'Entrega a Rendir Logística', 6000, 'ACTIVO', 1, 500, 1024);
INSERT INTO CC_FONDO (ID_FONDO, NOMBRE_FONDO, SALDO_ACTUAL_FONDO, ESTADO_FONDO, ID_MONEDA, ID_CUENTA_BANCARIA, ID_RESPONSABLE) VALUES (2104, 'Entrega a Rendir Proyectos TI', 5500, 'ACTIVO', 1, 501, 1018);

-- =========================================================
-- 4. CAJAS CHICAS (Subtipo de FONDO)
-- =========================================================
INSERT INTO CC_CAJA_CHICA (ID_FONDO, MONTO_TECHO_CAJA_CHICA, ID_AREA) VALUES (2001, 5000, 20);
INSERT INTO CC_CAJA_CHICA (ID_FONDO, MONTO_TECHO_CAJA_CHICA, ID_AREA) VALUES (2002, 3000, 30);
INSERT INTO CC_CAJA_CHICA (ID_FONDO, MONTO_TECHO_CAJA_CHICA, ID_AREA) VALUES (2003, 3500, 40);

-- =========================================================
-- 5. RENDICIÓN (Se mueve antes para referenciarla)
-- =========================================================
INSERT INTO CC_RENDICION (ID_RENDICION, FECHA_PRESENTACION, FECHA_APROBACION, TOTAL_DECLARADO, TOTAL_APROBADO, SALDO_FINAL, ESTADO_RENDICION, COMENTARIO_RENDICION) VALUES (401, TO_DATE('2024-01-12', 'YYYY-MM-DD'), TO_DATE('2024-01-14', 'YYYY-MM-DD'), 480, 480, 0, 'APROBADA', 'Rendición ciclo 301. Documentación completa.');
INSERT INTO CC_RENDICION (ID_RENDICION, FECHA_PRESENTACION, FECHA_APROBACION, TOTAL_DECLARADO, TOTAL_APROBADO, SALDO_FINAL, ESTADO_RENDICION, COMENTARIO_RENDICION) VALUES (402, TO_DATE('2024-01-14', 'YYYY-MM-DD'), TO_DATE('2024-01-16', 'YYYY-MM-DD'), 500, 480, 20, 'APROBADA', 'Rendición ciclo 303. Se rechazó un comprobante por fecha fuera de rango.');

-- =========================================================
-- 6. ENTREGAS A RENDIR (Subtipo de FONDO)
-- =========================================================
INSERT INTO CC_ENTREGA_RENDIR (ID_FONDO, MOTIVO_ENTREGA_RENDIR, MONTO_SOLICITADO, FECHA_SOLICITUD, FECHA_APERTURA, FECHA_CIERRE, ESTADO_ENTREGA, ID_SOLICITANTE, ID_APROBADOR, ID_RENDICION) 
VALUES (2101, 'Gastos de viaje Comercial Norte', 4000, TO_DATE('2024-01-12', 'YYYY-MM-DD'), TO_DATE('2024-01-12', 'YYYY-MM-DD'), NULL, 'ACTIVO', 1021, 1005, NULL);

INSERT INTO CC_ENTREGA_RENDIR (ID_FONDO, MOTIVO_ENTREGA_RENDIR, MONTO_SOLICITADO, FECHA_SOLICITUD, FECHA_APERTURA, FECHA_CIERRE, ESTADO_ENTREGA, ID_SOLICITANTE, ID_APROBADOR, ID_RENDICION) 
VALUES (2102, 'Viáticos Comercial Sur', 4500, TO_DATE('2024-01-13', 'YYYY-MM-DD'), TO_DATE('2024-01-13', 'YYYY-MM-DD'), NULL, 'ACTIVO', 1021, 1005, NULL);

INSERT INTO CC_ENTREGA_RENDIR (ID_FONDO, MOTIVO_ENTREGA_RENDIR, MONTO_SOLICITADO, FECHA_SOLICITUD, FECHA_APERTURA, FECHA_CIERRE, ESTADO_ENTREGA, ID_SOLICITANTE, ID_APROBADOR, ID_RENDICION) 
VALUES (2103, 'Gastos de compra menor Logística', 6000, TO_DATE('2024-01-14', 'YYYY-MM-DD'), TO_DATE('2024-01-14', 'YYYY-MM-DD'), NULL, 'ACTIVO', 1024, 1001, NULL);

INSERT INTO CC_ENTREGA_RENDIR (ID_FONDO, MOTIVO_ENTREGA_RENDIR, MONTO_SOLICITADO, FECHA_SOLICITUD, FECHA_APERTURA, FECHA_CIERRE, ESTADO_ENTREGA, ID_SOLICITANTE, ID_APROBADOR, ID_RENDICION) 
VALUES (2104, 'Entrega a Rendir Proyectos TI (Software)', 5500, TO_DATE('2024-01-15', 'YYYY-MM-DD'), TO_DATE('2024-01-15', 'YYYY-MM-DD'), NULL, 'ACTIVO', 1018, 1004, NULL);

-- =========================================================
-- 7. CICLOS Y SOLICITUDES
-- =========================================================
-- NOTA: Se agregó ID_RENDICION al ciclo. 
-- 301 asociado a Rendición 401
-- 303 asociado a Rendición 402
-- 302 y 304 abiertos (NULL)
INSERT INTO CC_CICLO_CAJA (ID_CICLO_CAJA, NUMERO_SEMANA_CICLO_CAJA, FECHA_APERTURA_CICLO_CAJA, FECHA_CIERRE_CICLO_CAJA, MONTO_TECHO_CICLO_CAJA, SALDO_INICIAL_CICLO_CAJA, TOTAL_GASTADO_CICLO_CAJA, ESTADO_CICLO_CAJA, ID_CAJA_CHICA, ID_RENDICION) VALUES (301, 'CC-2001-S01', TO_DATE('2024-01-08', 'YYYY-MM-DD'), TO_DATE('2024-01-12', 'YYYY-MM-DD'), 500, 5000, 480, 'CERRADO', 2001, 401);
INSERT INTO CC_CICLO_CAJA (ID_CICLO_CAJA, NUMERO_SEMANA_CICLO_CAJA, FECHA_APERTURA_CICLO_CAJA, FECHA_CIERRE_CICLO_CAJA, MONTO_TECHO_CICLO_CAJA, SALDO_INICIAL_CICLO_CAJA, TOTAL_GASTADO_CICLO_CAJA, ESTADO_CICLO_CAJA, ID_CAJA_CHICA, ID_RENDICION) VALUES (302, 'CC-2001-S02', TO_DATE('2024-01-15', 'YYYY-MM-DD'), NULL, 500, 4520, NULL, 'ABIERTO', 2001, NULL);
INSERT INTO CC_CICLO_CAJA (ID_CICLO_CAJA, NUMERO_SEMANA_CICLO_CAJA, FECHA_APERTURA_CICLO_CAJA, FECHA_CIERRE_CICLO_CAJA, MONTO_TECHO_CICLO_CAJA, SALDO_INICIAL_CICLO_CAJA, TOTAL_GASTADO_CICLO_CAJA, ESTADO_CICLO_CAJA, ID_CAJA_CHICA, ID_RENDICION) VALUES (303, 'CC-2003-S01', TO_DATE('2024-01-10', 'YYYY-MM-DD'), TO_DATE('2024-01-14', 'YYYY-MM-DD'), 700, 3500, 500, 'CERRADO', 2003, 402);
INSERT INTO CC_CICLO_CAJA (ID_CICLO_CAJA, NUMERO_SEMANA_CICLO_CAJA, FECHA_APERTURA_CICLO_CAJA, FECHA_CIERRE_CICLO_CAJA, MONTO_TECHO_CICLO_CAJA, SALDO_INICIAL_CICLO_CAJA, TOTAL_GASTADO_CICLO_CAJA, ESTADO_CICLO_CAJA, ID_CAJA_CHICA, ID_RENDICION) VALUES (304, 'CC-2003-S02', TO_DATE('2024-01-17', 'YYYY-MM-DD'), NULL, 700, 3000, NULL, 'ABIERTO', 2003, NULL);

-- NOTA: Se eliminó ID_RENDICION de Solicitud de Gasto.
INSERT INTO CC_SOLICITUD_GASTO (ID_SOLICITUD_GASTO, FECHA_SOLICITUD_GASTO, MONTO_SOLICITUD_GASTO, MOTIVO_SOLICITUD_GASTO, ESTADO_SOLICITUD_GASTO, ID_SOLICITANTE, ID_CICLO_CAJA) VALUES (101, TO_DATE('2024-01-08', 'YYYY-MM-DD'), 200, 'Compra de suministros de cafetería (Finanzas)', 'FINALIZADA', 1008, 301);
INSERT INTO CC_SOLICITUD_GASTO (ID_SOLICITUD_GASTO, FECHA_SOLICITUD_GASTO, MONTO_SOLICITUD_GASTO, MOTIVO_SOLICITUD_GASTO, ESTADO_SOLICITUD_GASTO, ID_SOLICITANTE, ID_CICLO_CAJA) VALUES (102, TO_DATE('2024-01-09', 'YYYY-MM-DD'), 280, 'Taxi para entrega de documentos (Finanzas)', 'FINALIZADA', 1009, 301);
INSERT INTO CC_SOLICITUD_GASTO (ID_SOLICITUD_GASTO, FECHA_SOLICITUD_GASTO, MONTO_SOLICITUD_GASTO, MOTIVO_SOLICITUD_GASTO, ESTADO_SOLICITUD_GASTO, ID_SOLICITANTE, ID_CICLO_CAJA) VALUES (103, TO_DATE('2024-01-10', 'YYYY-MM-DD'), 250, 'Compra de cables de red de urgencia (TI)', 'FINALIZADA', 1019, 303);
INSERT INTO CC_SOLICITUD_GASTO (ID_SOLICITUD_GASTO, FECHA_SOLICITUD_GASTO, MONTO_SOLICITUD_GASTO, MOTIVO_SOLICITUD_GASTO, ESTADO_SOLICITUD_GASTO, ID_SOLICITANTE, ID_CICLO_CAJA) VALUES (104, TO_DATE('2024-01-11', 'YYYY-MM-DD'), 230, 'Recarga de tóner (TI)', 'FINALIZADA', 1020, 303);
INSERT INTO CC_SOLICITUD_GASTO (ID_SOLICITUD_GASTO, FECHA_SOLICITUD_GASTO, MONTO_SOLICITUD_GASTO, MOTIVO_SOLICITUD_GASTO, ESTADO_SOLICITUD_GASTO, ID_SOLICITANTE, ID_CICLO_CAJA) VALUES (105, TO_DATE('2024-01-15', 'YYYY-MM-DD'), 150, 'Almuerzo de equipo (Finanzas)', 'PENDIENTE', 1008, 302);
INSERT INTO CC_SOLICITUD_GASTO (ID_SOLICITUD_GASTO, FECHA_SOLICITUD_GASTO, MONTO_SOLICITUD_GASTO, MOTIVO_SOLICITUD_GASTO, ESTADO_SOLICITUD_GASTO, ID_SOLICITANTE, ID_CICLO_CAJA) VALUES (106, TO_DATE('2024-01-17', 'YYYY-MM-DD'), 300, 'Compra de disco duro externo (TI)', 'PENDIENTE', 1019, 304);

-- =========================================================
-- 8. COMPROBANTES DE PAGO
-- =========================================================
INSERT INTO CC_COMPROBANTE_PAGO (ID_COMPROBANTE, TIPO_DOCUMENTO, RUC_PROVEEDOR, RAZON_SOCIAL, NUMERO_SERIE, FECHA_EMISION, MONTO_TOTAL, SUBTOTAL, IGV, ARCHIVO_ADJUNTO, ID_SOLICITUD_GASTO, ID_ENTREGA_RENDIR, ID_RUBRO, ID_MONEDA) 
VALUES (101, 'BOLETA', 10000000101, 'Proveedor CC 1 SRL', 'BC000101', TO_DATE('2024-01-08', 'YYYY-MM-DD'), 200, 200, 0, 'comp_cc_101.jpg', 101, NULL, 3, 1);
INSERT INTO CC_COMPROBANTE_PAGO (ID_COMPROBANTE, TIPO_DOCUMENTO, RUC_PROVEEDOR, RAZON_SOCIAL, NUMERO_SERIE, FECHA_EMISION, MONTO_TOTAL, SUBTOTAL, IGV, ARCHIVO_ADJUNTO, ID_SOLICITUD_GASTO, ID_ENTREGA_RENDIR, ID_RUBRO, ID_MONEDA) 
VALUES (102, 'BOLETA', 10000000102, 'Proveedor CC 2 EIRL', 'BC000102', TO_DATE('2024-01-09', 'YYYY-MM-DD'), 280, 280, 0, 'comp_cc_102.pdf', 102, NULL, 1, 1);
INSERT INTO CC_COMPROBANTE_PAGO (ID_COMPROBANTE, TIPO_DOCUMENTO, RUC_PROVEEDOR, RAZON_SOCIAL, NUMERO_SERIE, FECHA_EMISION, MONTO_TOTAL, SUBTOTAL, IGV, ARCHIVO_ADJUNTO, ID_SOLICITUD_GASTO, ID_ENTREGA_RENDIR, ID_RUBRO, ID_MONEDA) 
VALUES (103, 'FACTURA', 20000000103, 'Proveedor CC 3 SAC', 'FC000103', TO_DATE('2024-01-10', 'YYYY-MM-DD'), 250, 211.86, 38.14, 'comp_cc_103.jpg', 103, NULL, 5, 1);
INSERT INTO CC_COMPROBANTE_PAGO (ID_COMPROBANTE, TIPO_DOCUMENTO, RUC_PROVEEDOR, RAZON_SOCIAL, NUMERO_SERIE, FECHA_EMISION, MONTO_TOTAL, SUBTOTAL, IGV, ARCHIVO_ADJUNTO, ID_SOLICITUD_GASTO, ID_ENTREGA_RENDIR, ID_RUBRO, ID_MONEDA) 
VALUES (104, 'FACTURA', 20000000104, 'Proveedor CC 4 SA', 'FC000104', TO_DATE('2024-01-11', 'YYYY-MM-DD'), 230, 194.92, 35.08, 'comp_cc_104.pdf', 104, NULL, 3, 1);
INSERT INTO CC_COMPROBANTE_PAGO (ID_COMPROBANTE, TIPO_DOCUMENTO, RUC_PROVEEDOR, RAZON_SOCIAL, NUMERO_SERIE, FECHA_EMISION, MONTO_TOTAL, SUBTOTAL, IGV, ARCHIVO_ADJUNTO, ID_SOLICITUD_GASTO, ID_ENTREGA_RENDIR, ID_RUBRO, ID_MONEDA) 
VALUES (131, 'FACTURA', 25000000131, 'Proveedor ER 1 SAC', 'ER000131', TO_DATE('2024-01-24', 'YYYY-MM-DD'), 825, 699.15, 125.85, 'comp_er_131.pdf', NULL, 2104, 2, 1);
INSERT INTO CC_COMPROBANTE_PAGO (ID_COMPROBANTE, TIPO_DOCUMENTO, RUC_PROVEEDOR, RAZON_SOCIAL, NUMERO_SERIE, FECHA_EMISION, MONTO_TOTAL, SUBTOTAL, IGV, ARCHIVO_ADJUNTO, ID_SOLICITUD_GASTO, ID_ENTREGA_RENDIR, ID_RUBRO, ID_MONEDA) 
VALUES (132, 'FACTURA', 25000000132, 'Proveedor ER 2 SAC', 'ER000132', TO_DATE('2024-01-25', 'YYYY-MM-DD'), 1100, 932.2, 167.8, 'comp_er_132.pdf', NULL, 2104, 3, 1);

-- =========================================================
-- 9. TRANSACCIONES
-- =========================================================
INSERT INTO CC_TRANSACCION (ID_TRANSACCION, TIPO_OPERACION, FECHA_OPERACION, MONTO_TRANSACCION, NUMERO_OPERACION_BANCARIA, MEDIO_PAGO, TIPO_CAMBIO, ID_CUENTA_ORIGEN, ID_CUENTA_DESTINO, ID_MONEDA) 
VALUES (10001, 'ABONO', TO_DATE('2024-01-07', 'YYYY-MM-DD'), 5000, 'OP10001', 'TRANSFERENCIA', NULL, 500, NULL, 1);
INSERT INTO CC_TRANSACCION (ID_TRANSACCION, TIPO_OPERACION, FECHA_OPERACION, MONTO_TRANSACCION, NUMERO_OPERACION_BANCARIA, MEDIO_PAGO, TIPO_CAMBIO, ID_CUENTA_ORIGEN, ID_CUENTA_DESTINO, ID_MONEDA) 
VALUES (10002, 'ABONO', TO_DATE('2024-01-08', 'YYYY-MM-DD'), 3000, 'OP10002', 'TRANSFERENCIA', NULL, 500, NULL, 1);
INSERT INTO CC_TRANSACCION (ID_TRANSACCION, TIPO_OPERACION, FECHA_OPERACION, MONTO_TRANSACCION, NUMERO_OPERACION_BANCARIA, MEDIO_PAGO, TIPO_CAMBIO, ID_CUENTA_ORIGEN, ID_CUENTA_DESTINO, ID_MONEDA) 
VALUES (10003, 'ABONO', TO_DATE('2024-01-09', 'YYYY-MM-DD'), 3500, 'OP10003', 'TRANSFERENCIA', 3.75, 501, NULL, 2);
INSERT INTO CC_TRANSACCION (ID_TRANSACCION, TIPO_OPERACION, FECHA_OPERACION, MONTO_TRANSACCION, NUMERO_OPERACION_BANCARIA, MEDIO_PAGO, TIPO_CAMBIO, ID_CUENTA_ORIGEN, ID_CUENTA_DESTINO, ID_MONEDA) 
VALUES (10004, 'ENTREGA', TO_DATE('2024-01-12', 'YYYY-MM-DD'), 4000, 'OP10004', 'TRANSFERENCIA', NULL, 500, 621, 1);
INSERT INTO CC_TRANSACCION (ID_TRANSACCION, TIPO_OPERACION, FECHA_OPERACION, MONTO_TRANSACCION, NUMERO_OPERACION_BANCARIA, MEDIO_PAGO, TIPO_CAMBIO, ID_CUENTA_ORIGEN, ID_CUENTA_DESTINO, ID_MONEDA) 
VALUES (10005, 'ENTREGA', TO_DATE('2024-01-13', 'YYYY-MM-DD'), 4500, 'OP10005', 'TRANSFERENCIA', NULL, 500, 621, 1);
INSERT INTO CC_TRANSACCION (ID_TRANSACCION, TIPO_OPERACION, FECHA_OPERACION, MONTO_TRANSACCION, NUMERO_OPERACION_BANCARIA, MEDIO_PAGO, TIPO_CAMBIO, ID_CUENTA_ORIGEN, ID_CUENTA_DESTINO, ID_MONEDA) 
VALUES (10006, 'ENTREGA', TO_DATE('2024-01-14', 'YYYY-MM-DD'), 6000, 'OP10006', 'TRANSFERENCIA', NULL, 500, 624, 1);
INSERT INTO CC_TRANSACCION (ID_TRANSACCION, TIPO_OPERACION, FECHA_OPERACION, MONTO_TRANSACCION, NUMERO_OPERACION_BANCARIA, MEDIO_PAGO, TIPO_CAMBIO, ID_CUENTA_ORIGEN, ID_CUENTA_DESTINO, ID_MONEDA) 
VALUES (10007, 'ENTREGA', TO_DATE('2024-01-15', 'YYYY-MM-DD'), 5500, 'OP10007', 'TRANSFERENCIA', 3.75, 501, 618, 2);

COMMIT;